Squire Patton B0ggs - Associate Utilization Analysis,,
Key Takeaways,Representative Feedback,Recommendations
The Role of a PGL Needs to Be Better Defined,...I do not feel particularly incentivized by firm to be spending time to get to know associates. Partners are supposed to account for 85% of utilization hours with billable hours so does not leave a lot of time for management ...  But I just think it's an important function.  I was lucky to be mentored and sponsored as a young associate.  This is a people business and our stock and trade are our associates.  ,"Questions to consider:
*Should the PGL's duties be expanded?
*What training or protocol do PGLs need?
Notes from 5/27 Taskforce Meeting:
- Establish ""gold standard"" for PGL role and ensure there are ways to enforce the protocol through the LPC process or otherwise (the protocol need ""teeth"")- Create concrete protocol about how the DEI/management work gets incentivized (advancing DEI bonus pool); communicate bonus award recipients to the firm at large about who gets it.
- Provide administrative support that would assist PGLs to track and discuss utilization across the board"
,It would be very useful if there was someone whose role it is to identify when diverse associates fall behind to help with a plan.  Not realistic that all PGLs will be on top of it because of billable requirements that partners have.,
,"Our system incentivizes me ""making it rain"" and being productive.  So I am not incentivized to spend 40 hours a week managing a practice group.",
,Each partner is responsible for managing and staffing their own cases. My role is administrative. For example if I knew we had a case that needed and hands and there was an associate then I'd move them around.,
,Sometimes junior associates need more training and partners may not be available to help train/mentor (1 partner in Singapore and 1 with mental health issues). Just the difference in experience.  We make a concerted effort to push work down. ,
,,
Training Curriculum Needs to Be Defined for Associates,No formal coaching or training. There's no handbook,"Question to consider: 
*Does training get pursued/developed within practice groups or through a centralized process? 
Notes from 5/27 Taskforce Meeting:
- Develop a formal mentoring process that addresses specific skill gaps or needs (i.e., coming out, being the first attorney in family, etc.) and ensuring the mentors are appropriately skilled or trained provide the mentoring
- Setting expectations re: work ettiquette - emails, providing cell phone number, etc. - ""real talk"" conversations
- Develop uniform definition of ""hustle"" and work life balance for the firm 
- Develop soft-skills version of skills ladder
"
,"My experience is that there's no... if you're having a problem with associate here's the steps you follow. No plan. In certain situations there's one screw up and partner says I'm done. Other times, the partner takes the time to talk to the associate and helps to redeem",
,Some partners are much better mentors when it comes to training and explaining rather than flipping red lines. Some partners will talk through the changes. Next time the associate does work saving time.,
,We don't get a lot of management training. We're starting that now. ,
,"If it is something they don't get, does it need more training, more seniority,etc.  We used to have more training (pre-COVID).  Generally, rely on DPGL on ground in specific office who has more information about the person/situation.  Firm structurally manages associate poorly - uniform associate evaluation process through LPC that makes recommendations about everything related to associate.  Feels it should be practice group driven.",
,"We try to give feedback, but law firms are different than corporate - never seen a law firm that provides the type of functional training that companies do.  There are no real systems in place that help monitor performance.  No real goals in place that help us understand what we incentivize and reward.  No one is incentivized to go out and learn how to manage people.",
,"Associates need to take an active roles in their careers. I did it and others do it. When we get new associates we do a video with them and the group. On day 2 she was with us in the group and I had a call with her and went over the litigation progression that helps to arm with tools. It's not just the firm that's responsibility, they have to take an active role in their careers.",
,,
Utilization Practices Need to Be More Consistent,Look at it whenever it comes out (at least a weekly basis) and supplement with anecdotal information from DPGLs and when he needs someone to pick up work.,"Question to consider:
*Should there be a uniform practice that is followed irrespective of practice group size or protocol developed that practice groups can choose from?"
,"We share transactional report with partners so everyone knows. If there's a lot of availability I may add a note encouraging work to be pushed down. Some partners are good at pushing work down and others are not. Depending on assignment, work can be spread out. Partners decide how work gets passed around. At the end of the day that partner who gets the work generally manages it. we try to steer it sometimes but we don't have a formal intake where all assignments come into one person and then doles out.",
,"[PGL Name Removed] looks at them at least monthly.  Sometimes there's a lag in the data so what the firm has started doing is mid-month's hours reports but this doesn't show where utilization is.  Hard to spot utilization issues in a timely fashion.  But, associates are very good with letting you know they have time.  

Because the group is smaller, no formal assignment of work.  Right now, so busy, take any associate that has availability.  More driven by the partner who has work.  As PGL, try to make sure that everyone is fully utilized.  Primarily, comes down to partner assigning work",
,Every associate emails [PGL] on Monday to see what they're billable hours were the week before to help evenly distribute the work.  Looks at the reports monthly but for associates monitors weekly.,
,The utilization reports come out monthly but daily time reports come out more frequently. Daily time reports are harder to read. I use those to make sure people are looking at their times. I use the monthly ones to see who's busy and who's not and to try to rectify issues. ,
,We don't have a formal process of assigning work. [DPGL] has had a role for a few years now if an associate id underutilized she helps them get more work. For a great extent it's been geographic ... More organic than formulaic. ,
,"I use them monthly. Our financial reporting systems are pretty antiquated. It's the same report we've been using. I can go in and get info but it's a cumbersome process. We've switched over to running 3 week report showing billable hours. My process is each month, month end, look at monthly utilization and look at year to date as well. My focus is on the partners but I do go through and look at the associates and have a conversation as needed with specific DPACS or those who are chronically low. ",
,"Two-fold - element of the assignment process that (for smaller scale matters/short one off things) that is more or less local.  For more complicated, larger scale projects - online intranet utilization and availability tracking tool (includes all the non-partner lawyers in corporate, but also other transactional groups - tax, real estate, etc. have also opted in).  Report does not go to everyone - goes to [PGL Name Removed], PGLs and other transactional PGLs to avoid free for alls and to get more honest feedback.

Every week, non-partner lawyers get a link w/3 questions - 1. How busy do you expect to be this week (under 80%, 80-100, over 100), 2. How busy do you expect to be for the remainder of month. 3. Open text.  Info collected and sent to Dan and other opted in PGLs, DPGLs (every Wednesday).  With any luck, most people participate in the process to give them a pretty good idea of who has time.  Then, partners will reach out to Dan, Cip for DPGLs with project needs which they can map against the utilization info they have.  What percentage of people participate? On a given week, 75%-80%.  To the extent people are not participating, it's typically bc they are overwhelmed with work.  

Main benefit of this is that underutilized associates almost always fill out.  It's helped to break down silos - working with local partners as opposed to partners across the country. ",
,,
Quality of Associates' Work Needs to be Consistently Monitored,"N/A 
Observation: Measuring the quantity of hours worked, alone, is not sufficient.  It will be critical to ensure that associates - particularly underrepresented associates - are engaged in high quality work that exposes them to clients and meaningful on-the-job training opportunities.  To determine ""quality,"" practice groups will need to develop practice-group specific career ladders.","Questions:
*Who should be tracking the quality of work (PGLs, DPGLs, Head of DEI, combination)?
*What timeframes should apply to course-correct for associates who go through periods of performing lower amounts of quality work?"