Associate Utilization Discussion Schedule,,,,,
Practice Area,Date/Time,PGL,TF Member,TNF Member,Completed
Financial Services,4/1/2021 @ 8:00 a.m.,James Barresi,Alethia Nancoo,Natalie Norfus,Yes
Litigation,4/5/2021 @ 9:00 a.m.,John Burlingame,Amy Brown Doolittle,Shante Gordon,Yes
Public & Infrastructure Finance,4/5/2021 @ 2:00 p.m.,Robert Labes ,Alethia Nancoo,Shante Gordon,Yes
Real Estate,4/6/2021 @ 11:30 a.m.,John Thomas ,Stacey Krumin,Shante Gordon,Yes
Govt. Invest & White Collar,4/6/2021 @ 1:00 p.m.,Joseph Walker ,Marisa Darden,Shante Gordon,Yes
Corporate,4/9/21 2 10:30 a.m.,Daniel Berrick,Cipriano Beredo,Natalie Norfus,Yes
"Public Policy, Financial Services, Tax",4/12/2021 @ 10:30 a.m.,Robert Kapla,Helen Yang,Natalie Norfus,Yes
Labor & Employment,4/12/2021 @ 11:30 a.m.,Jill Kirila,Katharine Liao,Natalie Norfus,Yes
Intellectual Property & Tech,4/12/2021 @ 2:00 p.m.,David Elkins,Rafael Langer-Osuna,Shante Gordon,Yes
Restructuring & Insolvency,4/13/2021 @ 10:00 a.m.,Stephen Lerner,Carmen Cole,Natalie Norfus,Yes
Litigation,4/22/2021 @ 12:30 p.m.,Mitchell Berger,Dara Mann,Natalie Norfus,Natalie Norfus