Timestamp,Random Letter,Name,Full Description,Date of Interview,"1. Based on what you know so far, what do you value most about the attention Trimble is giving to its DEI efforts?","2. As a leader at Trimble, what do you view as your role in making positive progress in the areas of DEI?","3. I am comfortable speaking about topics related to diversity, equity and inclusion at work.",3a.  What topics are you most comfortable talking about?,3b. What topics are most uncomfortable for you?,"4. I actively seek out ways to educate myself on diversity, equity and inclusion issues.",4a. What steps do you take to learn about DEI issues?,"5. How do you see DEI efforts working with the concept of meritocracy (i.e., the most qualified person gets the job)?","6. How does your team incorporate DEI best practices when making business decisions for the company (ex. diversity of thought, diversity of experience, inclusive language, consideration for protected classes, etc.)?",7.  What will you do to actively seek out more diverse candidates for your team?,8. Is Trimble the type of place where everyone - regardless of their background - has an equal opportunity to grow?,9.  Explanation of response to 8.,10. How does mentoring and sponsorship fit into professional development for employees who are often underrepresented?,11.  What are the ways that you make an effort to get to know people in the company who have a different background than you?,12.  Does Trimble make an effort to include employees in meetings or decision making who offer unique perspectives?,12a. Explanation of response to 12.,13. Is Trimble a place where you can voice contrary opinions without fear of negative consequences?,13a. Explanation of response to 13.,"What are your top three (3) diversity, equity and inclusion concerns?"
2020/09/18 2:31:26 PM AST,A,Alain Samaha,Alain Samaha - Combo of 4 businesses focused around utilities and local governments (hardware and software); global team,9/18/2020,"Over the years, I have always thought that it was important to get the right person for the job - I have always thought we have not been getting the right diversity pool of candidates.  Internally, we have leadership development processes, but frankly, since we have started building different groups, I think it's super important.  The team is getting more and more aware that we need to do a better job.  It's becoming more top of mind which I am happy with.  We could do a better job communicating and what's happening.  Employees are asking.","My role is to continue to spread message to team so that they know what we need to do.  From a new hiring perspective, I am pushing back to make sure that we have diverse candidates.  I do not want to start the interview process without diverse candidates.  On promotional opportunities, pushing for considering diverse candidates.  All hands meetings includes a DEI section to communicate process and continue to reinforce message.  (He is aware of the data on his team - % males v. females).",5,"Gender, religion, race - not 5s on all, but I am comfortable having the discussion or bringing in experts on topics.",Transgender issues.,1,I don't actively seek out information unless there's a situation that I need to.,"I am firm believer that we need the right person for the job, but that person can come from any race, gender, national origin, etc.  The challenge is that there are certain professions where there is not a lot of diversity.  When we are looking externally, I want to see a diverse pool of candidates every time but I also understand where recruiters have challenges.",We are pretty immature in that space - rates it as 1 out 5.,Discussed above.,Explained below.  I don't think it is a consistent yes across the board.,"(Hesitated).  If I thought of myself specifically, I would like to say yes.  But, I don't think that DEI is a prevalent discussion yet so I don't think leaders are always thinking about it.  Depending on the customer you work with, some customers have an inherent bias so you end up with a different issue there. [Observation: need to equip leaders with how to deal with customers who are not open to DEI issues.]","As a company, in general, we don't do the best about people development.  It is important to have mentorship for people in general, but even more important for underrepresented team members.  They have to go hand-in-hand for underrepresented team members to grow.","I have a very global team - every time I travel, I try to learn the cultures, sit down with them to understand how things are going.  When I am having discussions with people of different backgrounds, making more of an effort to be sure that they get the support they need.",No,I don't think we do a good job at that.  I do try to make sure we hear from people who aren't talking in meetings - but I don't think we have specific efforts around getting unique perspectives.  I think we are starting to work on it.,"Yes, but.  See below.","I have not seen any negative consequences, but I am not sure employees are feeling that they can speak up.  Rates 3 out of 5.","1. That we don't act.  Doing something v. saying something.

2. We need to make sure that whatever we do is inclusive for everyone and not bias toward one group or the other.

3. Making sure that our action plans are also accounting for people's time,  effort and other duties."
2020/09/25 4:28:22 PM AST,B,Bryn Fosburgh,Bryn Fosburgh - construction (hardware/software) - multinational,9/25/2020,More of a grassroots involvement - quite proud to see people spearheading it.,Career progression for everyone,5,Across the board,None,5,Come from a very diverse family - talk to them.  Has a friend network that speaks regularly about the issues.  Reading - actively involved. ,"Meritocracy inhibits DEI efforts.  From a Trimble perspective, we didn't live by meritocracy - we lived by giving people a chance.  Umbrella of meritocracy as an excuse inhibits DEI - especially in our industries - is a cop out.",Trimble is built on diversity of thought.  We have lost that as people fall into a certain pillar or pedigree.  I very much value diversity of thought - meetings invite everyone (regardless of level) to speak up.  I do not have a process; I have a belief system that this is important.,Require a diverse candidate on any interview panel; I monitor to see if the diverse candidates are not being selected to see if there's an issue.,No,"Again, we put people in pillars (good engineers, good sales people, etc.) - lost ability to give people a chance. Pigeon holing based on function, pedigree - so people aren't moving in between businesses and managers.","Essential.  I think you have to confront it - he's had open conversations with diverse employees about their experiences.  Heard from employees that they needed to see more people like her.  On sponsorship, it's important and we have to be careful as white men to not let bias sink in to who we sponsor. The women can't mentor all the women, Richard can't mentor all the black people.  So we (white men) have to step outside of our comfort zones.",Openly talk to people - have to have an open dialogue with people.  Only way you build some level of trust. Dealing with the discomfort and not giving up.  Wants to see everyone get a chance to succeed.,Did not ask - see above,See above.,Yes,I feel comfortable but I will say I don't care if I get fired.  There are people who are afraid to say the wrong thing (re DEI).,"1. Racial diversity is the hardest at the moment.  We have to start from a HS perspective and have to start mentoring then, get them through college and the degrees that are important to Trimble.

2. We have to be able to say we are ok not having domain skillset - can we give on the job mentorship to get them there if they otherwise meet out values?"
2020/09/21 7:22:38 PM AST,C,Chris Keating,Chris Keating - Was with a Google product that was acquired by Trimble so was the GM of architecture and design division; this year took on building technology (construction technology software for people designing buildings); multinational team ,9/21/2020,"The fact that we are finally taking action.  It is contingent with new leadership (new CEO).  It is probably one of his three initiatives of importance.  So, we are taking action and we will probably make a bunch of mistakes, which is how you learn.","Executive Sponsor for ERNs - become active in one of the networks.  And, not be afraid to make mistakes - try to understand, learn and take action without worrying about walking on egg shells.  There have to be a lot of conversations - sometimes tough ones - without judgment.  I specifically would like to volunteer with black ERN to learn more.

We have started understanding women in tech.  We read a book as leadership team called the confidence team.  I have a mostly male leadership team.  And, we had a Trimble book club discussion.  Felt it had an impact on how meetings are run, etc.  Had a personal impact on me and helped me understand myself better.

Works on the neurodiversity project - putting money where our mouths are.",4,What influences the scale here is that it doesn't happen often so I am more answering whether I would be willing/want/be comfortable with these conversations.  I am will talk about almost any topic.  ,"I do not have a lot of experience with diversity on a personal note - I grew up in a very small village - no black families, maybe one Jewish family.  Very isolated upbringing. I am sometimes uncomfortable with the appropriate terminology.  Would love guardrails and guidelines.",4,"One of the ways, we spoke about above.  I would never give myself a 5 because I can always do better.  My learning has been a lot more lately.  Read articles and lots of podcasts.","Meritocracy to me equates to fairness - the E in DEI.  But, I think if we are really going to work on DEI, we almost have to suspend the beliefs we have because some groups and communities need more focus.  If we want to affect the diversity at Trimble and we want to increase Black diversity, for example, we should maybe decide that we are going to hire X number and find jobs for them.  People have such different backgrounds and if, for example, you fall behind in reading, you will struggle.  So, when you try to run a fair and open recruiting process, it can become unfair if you are hyper focused on one version of meritocracy.  You have to give non-traditional applicants a chance. And, then manage the process once you give them a chance.  ","I am an introvert so I have always looked out for other introverts so I try to make sure that we hear from everyone.  During our promotion/raise cycle, I look out for quiet warriors.  Some people who are introverts would get overlooked because they are quiet.  And, we work on projects going to a diverse world so if you do not have diverse perspectives, you will miss out.",Push really hard to do what I said earlier - pick a diversity profile that we want to work toward it and work toward it outside of the normal recruiting process.,"Yes, in the circles I am in.","I am in the software business which tends to be more progressive, but still begs the question of why aren't we seeing it.",Did not ask given earlier discussion.,"I ask a lot of questions - I try to get to know people on a personal level.  If there is a rule about keeping work and home separate, I probably break the rule.  One of the great things about working from home during the pandemic, is learning more empathy, etc. bc you see what's happening with people at home.  Hoping we don't go back to the corporate personas when we are back in the office.",Did not ask.,Did not ask.,Yes,"I do think people could feel uncomfortable - getting barked at or put down, I have seen that happen.  I do not think it would lead to someone getting fired, bad review, etc.  My favorite meetings, though, are those where we have healthy debates.  Everyone should feel like they are heard and emotions/personal attacks out of it.","1. Pay equity - focusing more on the numbers in an overall plan and not just on ad hoc basis.

2. Representation of certain groups (largely, on the race front - Black/Hispanic) in the US.

3.  Inclusion of thoughts/ideas and making sure that people feel like they can be heard.  (I see that as a man/woman thing - feels the men are always doing the talking)."
2020/09/14 10:44:33 AM AST,D,Chris Shephard ,Chris Shephard - Oversight of JV Relationships with Catepillar/Equipment Sales/Japan,9/14/2020,"The fact that it is on the agenda right now is most important.  In the past it hasn't been on the agenda.  In the past, it was passive - no negative or positive, just there.  It is now a major subject that is being treated seriously.  To start to see some structure, thinking and actions is really cool.  Actions are key to make it real.","Obviously, I have to participate - not just from the standpoint of overseeing organizations that need to come along.  I have also been here a long time so I understand the sub-culture and know how to get things done and things to avoid.  You have to know what you are up against to know how to win.  I know some of what is needed to win - I can bring that experience to conversations.   ",5,I am not sensitive to any topics.,Not uncomfortable - but understands the limits of his perspective.  Does not mind learning and being more aware.,2,"I read extensively, but I am not proactive.  No clear path.","Very good question. I think the best person needs to get the job.  The trick is making sure that you consider a broad array of canidates so that no one is excluded the process.  I worry that people who are not the best candidates get the job, it could create a problem.  If a diverse candidate gets the job and falters, then they will be under the spotlight and it could undermine the whole DEI process.  That said, you can't look in the same places and expect to get different people.  Expanding the pool, you can find more diverse candidates who are the best people for the job.   Also, wants this to be sustainable.",Not better than average. Does have a multi-cultural/country team.  Does try to be mindful of the countries in which they are doing business to include those perspectives in the decisionmaking process.  There is also natural diversity of thought in the process.  This is almost common sense - this doesn't get you that far up the scale.  We tend to value creativity of thought - but it's never been structured and thought through.  Whatever has happened has sort of happened without an ambition or goal.,"A lot of it starts with recruitment.  That's the more direct way to shape the making of the team (when you are replacing people).  Make sure when you are looking for candidates that you are looking at an inclusive pool.  I have not pushed back on non-diverse pools. But now that I am thinking about it, I need to.  If you are not working on it, you are going to get the same profile. Needs more insight on where the TA team is looking to feel more confident that the company is looking more expansively for diverse talent. ",I'd like to think so but I cannot answer that definitively.,"I am a white male and have not had any issues, but you would not expect me to.  I have not heard any sorts of discriminatory conversations.  So, I would like to think yes.  In general, Trimble values brains and creativity so that ought to tolerate different types of people.",Both are important.  Sponsoring - you can use your positional power to help advance their course.  Mentoring - much more personal and you can help and individual navigate through things at a deeper level that you may not get without a mentor.,"More challenging during COVID - not leaving house.  I do get involved in a lot of activities so I learn about people through conversations over time.  It's informal - not formal.  When I run into people, I build relationships.","Until very recently, no.","It was pretty much a closed shop - Painter coming into CEO position changed that.  Prior to that, leadership team was nominally 10-12, but in fact 4-6.  Decisions were really made without much outside input.  Now, there's a movement toward being more inclusive in the decisionmaking process.  Because more people are now involved in the process, broader set of perspectives. ",Yes,"Fairly creative, outspoken culture.  People value team members who can think and provide an interesting perspective to get you a better result.  I get nervous when I am the only one driving the thinking.  I welcome diverse opinions because I know I will get a better answer.  When we don't have it, we look for it.","1. If we are going to make meaningful change, we have to be serious so my concern that this could be seen as a fad if we aren't committed to doing something about it.  It is a really hard subject.  

2. We have to start somewhere and be able to tackle something well.  We have to be able to deal with the noise related to the issues we aren't tackling first.  We have to brave enough to pick a manageable number of issues to tackle and be consistent."
2020/09/23 10:57:04 AM AST,E,Cyndee Hoagland,Cyndee Hoagland - Corporate Accounts (4 businesses - including sales for emerging markets; work closely with USAID and World Bank to find funds to help emerging markets develop needed technology; Also work with US Govt/DOD; Manage top 30 design firms/civil construction companies who use Trimble's tech; and Consulting Services (paris & US)) Albert Momo - heading up Trimble Foundation,9/23/2020,The fact that we are doing anything and doing so from the top down.  Very difficult convo in the US especially in an industry that is so male dominated and white.  (Noted having a diverse family),"Awareness of our surroundings, dialogue internally and with customers.  Starting that dialogue.",4,Depends.  Much more on diversity because of family background and where I grew up.,Less on the LGBTQ.,3,I pay a lot of attention to CNBC bc they have a lot of CEOs from around the world who speak on the topic - everything from where they are investing from a recruitment to what programs and policies.  Focus is largely on what Corporate America is doing.  Not seeking out other info. (One person read Inclusify - and felt it came from the voice of a researcher so not entirely relevant to corp america experience).,"I still believe that the best person should get the job.  As a woman, I feel I am in the room because I earned it but I am sure there are people who do not feel that way.  So, I am sensitive to that.  I think there is a lot of sensitivity around how far Trimble will go on the recruiting for numbers instead of quality.  It is very important to widen the net of where we look.  Challenge when your office is Denver.",It is a topic in my monthly staff meetings - we talk about DEI once per month.  Also has her top team to cascade messages down to their team.  No real effort made to make sure there are perspectives in the room - doing so based on skill/talent on team. ,"Actively recruiting for 3 people now and working with HR to be mindful on universities from which they are looking.  Also, lowering experience requirement to open the pool of potential (younger) candidates.",Yes,"I am a woman in a male dominated industry so that has never stopped me from getting in the room (what would you say to people who do not see themselves represented at the top?).  Her: they need to speak up.  Seek a mentor.  Speak to manager.  Women naturally don't speak up, don't ask for promotion, raise.  So, if you don't ask and your manager isn't pushing you along, you won't get there.  For her team, the T-time discussions are used, in part, to discuss growth - part of the process. [OBSERVATION: Very skewed view on diversity - almost to the point of being dangerous].","We need to do more - we do not do enough.  Both mentorship and succession planning are two places where Trimble needs to go and put effort behind.  Succession planning allows you to look at a broader pool.  Internally, not a lot of people bounce from one sector to another.  People get comfortable where they are.  Those that do move are most valuable bc they have a broader perspective on the organization.  Need a layer of people who bounce to broaden perspectives.","I am meeting new people in the org all the time.  Asks about people's backgrounds - where they came from, why they came to Trimble, etc.  Fascinated by and interested in people.",Not necessarily aware if we do or don't,"Important training topic - we need to be more aware.  Through COVID, I think we have gotten closer/humility bc of what people deal with at home - allowed us to be much more tolerant.  Caused us to become closer personally.",Depends on manager.,I think employees feel that way (depends on manager) - I am sure there are many who don't feel that they can do that.,"1. How we manage this topic in our industries - agricultural with farmers, construction industry with a lot of male dominated, family owned businesses, long haul trucking, etc.  Important that our initiatives and outward messages do not forget the industries we serve who may not be on the same page as us.  Is Trimble planning to have a voice or opinion on things?  

2. Recruitment.  Making sure that we still empower our managers to select who they want while also pushing them to broaden network to interview more diverse candidates.  How far are we going to go? How are we going to community? "
2020/09/15 3:33:47 PM AST,F,Darryl Matthews,Darryl Matthews - resources sectors; 1200 ppl - biggest unit = agriculture; developing hardware (automatic guidance systems for tractors for example) and software (GPS input controls - amount of seeds/fertilizers to put down),9/15/2020,"The biggest thing is that we are trying to bring diversity into the business.  The value around that difference of opinions, different ways to approach solutions.  Also helps to bring a broader audience to what we do with a more inclusive environment.  Right now, leadership is very white male dominated.  We do not have representation around where the changes in society will happen (i.e., Latinix).","My role is to lead by example and look for opportunities where I can bring in diverse opinions, etc. so that we make better and more inclusive decisions.",2,Most comfortable talking about statistics and reason we should do it.,I don't know how to have individual conversations.  I am worried I might step into something.  Leaving it unaddressed is the great big elephant in the room.,4,Reading lots of books.  Participate and understand on how to bring different people  into the sport he's interested in (hockey).  Discussions with other people (like children).,"They fit together, but we don't measure the diversity component that comes in when it comes to the diverse points of view/perspectives. Previous experience, education, knowledge etc.  We don't measure how they would bring in a different approach.  Narrow view of what ""most qualified"" means. When you put the weight on the usual suspects, limiting the type of candidates you get.",We are lightly touching it.  We are trying to bring diverse candidates around the table but don't have a strong process.  ,"Another component is the design of job descriptions, starting to look at avoiding gendered or other terms that would exclude or discourage certain candidates from applying.  Trying to make sure that we are bringing in diverse candidates for intern program.  No risk.  They are there for a short period of time - ""try before you buy"" - so why not do that.  Diversify interview panels to avoid the same people doing the interviews all of the time but do not want to offend potential interviewers so need help there.",middle of the road (2.5/3),I feel confident in the people we have and their ability to grow.  Not sure that he can comment on people who are not seeing themselves in upper positions would agree with that statement.,Mentoring I feel comfortable on bc I have done a fair amount.  The sponsoring I need help on - how do we stay on sponsoring track rather than defaulting to mentoring.  ,"I am specifically reaching out to do mentoring with people different backgrounds.  I am doing stay interviews into why people stay at Trimble, which gives insight into DEI issues.",Did not ask,Did not ask,Yes,"I've seen it.  We have an open environment.  Where I do see pieces is that it depends on manager, but I don't think that's different than any other company.","1.  Current state of our employee population is not very diverse.

2. My industry (agriculture) is very diverse at the unskilled labor level and we aren't representing them rising in the ranks.  If we are going to be competitive on technology to serve that industry, we need to make up for the gap.

3.  Doing more to bring in people with diverse opinions."
2020/09/11 5:48:18 PM AST,G,David Barnes,David Barnes,9/11/2020,"There is a sense of a higher purpose.  Our statement about transforming the way the world works that connotes more than just the services we provide.  We're decent, honorable and want to be proud of the work we do.  This is not just about the executives.  The DEI focus is a logical extension of our DNA.  There is a realization that to be commercially successful, you can't have a company where current and potential employees feel disengaged.  Being somewhat decentralized makes it harder to implement big changes - good intentions are nowhere near enough.  Believes there are good intentions.  Effecting change requires force and effort - excited for it.

Has had a front row seat to what happens when the issues are not properly handles.","Central part of my job.  Not just HR's job or a Chief Diversity Officer's job.  It is my job as part of the leadership team.  I can affect it on my team the way I leader, treat team, hire, etc.  ",5,Struggling to think of anything I would not be comfortable talking about.,None,5,"Read books (for example, just finished Inclusify); working to hear people who have different experiences than him; struggling with the anger of some of the subject matter/amount; [observation: usage of certain terms off - Latino for a woman]","It's a trap because it sounds great, but meritocracy tends to be narrowly defined. Historically, ""merit"" has very narrow criteria - for example, criteria for being on the Board of a public company is being a CEO of a multi-billion dollar company, which leads to 95% white men.  ""Merit"" criteria can be discriminatory.  Or, if you only focus on SAT/GPA, you're completely ignoring realities that will exclude great candidates.","The team I lead, we have a lot of room to grow.  Respectful communications is essential.  Has had concerns raised by a female employee on his team about someone outside the team and it was used as a learning for interactions.  Works hard to try giving people who are more reserved the opportunity to talk and talk first.  He has learned that men (him included) tend to interrupt - trying to prevent that.  Working to hire more diverse applicants.","[Feels regret that last big hire was a white male].  Ensure that requirements aren't set up in a way that exclude a diverse candidate pool, require that recruiters include diverse candidates in the pool, gender diversity in the interview pool - not good on race, but that is a function of team composition.",No,Do we have the right intentions? yes.  If that was enough we would be good.  But looking at the top of the company - there is not a totally successful process that leads to the top of the chain looking like it does.,"At prior company, spent a lot of time speaking about sponsoring v. mentorship.  He was replaced by a non-American woman at prior role, which was deserved but she could have been overlooked had she not had a sponsor.  Sponsorship is advocacy.  Sponsorship is hard to formalize - you have to really believe in the person.  So, he has seen it work when there is a semi-formalized process.  Sometimes women are over mentored.  Feels strongly about the importance of sponsorship.  If you don't break some of the traditional structures, you won't make meaningful change in this space. And, being willing to take risks on people who may not be quite ready for a higher role.","Best technique is to invite people to tell their stories.  They are humans first, not workers first.  Sometimes its stiff because people can be intimidated by titles and positions.  [Observation, need more awareness of position of power when taking this approach.  But, seems to find common ground in conversations].",Not asked,N/A,It's getting better.,"Seems like prior CEO had an intimidating style, but seems to have dramatically improved with new CEO.","Hope that we come out with very specific tasks for senior leaders to address unconscious bias; ie, push leaders to identify high performing non-white employees to sponsor.

Worry that we are going to put in a lot of good intention and time and not be able to hold ourselves accountable on the day-to-day issues.  If we don't make that connection, we will be marginally effective.  We have to turn this from strategy to action and the feedback loop."
2020/09/14 12:45:11 PM AST,H,Elwyn McLachlan,"Elwyn McLachlan - Transportation Mobility Business (~1400 ppl/320 mil in revenue) - 3 business (one in Brazil, one in Belgium,  - each have a GM in country, NA mobility business - by far the largest; matrixed so everyone does not report to her))",9/14/2020,"I think it is long overdue.  (As a woman coming up in a very male dominated technology company serving male dominated industries), we have always used that as an excuse as why we lag on gender diversity.  For the last 5 years, I have had colleagues in the company who have tried to lead the charge on gender diversity and have been treated really poorly - disrespected even.  It was hard to get support and it was almost to the detriment to their career.  Has been told by a prior manager for 5 years ago to be careful about openly being a champion for gender diversity because it can be career limiting.

There's some cynicism as a result of the past, but glad that it is getting attention. ","I think my role is to reinforce and amplify mission AND hold our organization accountable on the promises and programs being rolled out.  I would like to see our business be a front runner on these issues.

I also have an opportunity to be a role model.  The most helpful thing I can do is show in what I do for the company that promoting women is good for the company.  This helps to show the detractors that there are plenty of women in the company who can make more of an impact that they are given the opportunity to today.",4,"Given the corporate initiative, it makes it easier to talk about everything.  You have the support from the company so if there's pushback on topics, you know you have company support.  More comfortable talking about gender diversity.  Leans more on data related to other types of diversity where she does not have personal experience.",None really - the difference is what is coming from personal experience v. what she has learned.  Does not impact her willingness to discuss.  Has work to do to be articulate on the latter types of topics.,2,I could do better - not something I specifically carve out time to do.  I more wait for information to come to me.,"Meritocracy ignores implicit bias.  She's had people say ""I'm gender blind"" - it's very aggravating because it ignores gender bias.  Meritocracy assumes that everyone starts at the same place - ignores implicit bias and doubles down on the old ways of doing things.  Meritocracy tends to reinforce status quo instead of looking at the evolution of business.","Not part of our practice.  It's only a topic when it's presented as a topic and even then it fills like a box-checking. I don't see it as part of the fabric of our meetings and the way we conduct them.  ""Boys club"" culture - very heavily male dominated.  So, I see that in some of the language that is used, constant sports talk - feels exclusive.  The guys are oblivious to the exclusiveness - it's fun for them because of the banter.","I have not heavily been involved in recruiting or hiring so it's hard to answer.  But, have thought about the gender blind approach to resume.  Pushing for more diverse candidates - not just say ""well this is who applied.""  So, pushing back when the slates are not diverse.",No,"Historically, this DEI has not been a priority for Trimble.  Feels like because of that, people have gotten away with ""negative diversity"" - meaning, why it's ok to keep hiring the white male.  Has heard excuses like ""I don't think this person (a non-dominant candidate) will relate to a customer.""  Now, we are on a new journey but for now it's just talk because it's so new.","Less important than the shift in the culture of the organization.  Mentoring and sponsorship does not help unless there is a cultural shift.  Historically, people in decision making positions did not value diversity so you can't really get anywhere on the mentoring/sponsorship front. When the foundation is there, both are important to bringing people up.","Difficult in remote work environment.  But the positive effect, I make more of an effort to people 1:1 (pre-covid, that was done in groups).  I'd like to think that's more equalizing because I am trying to meet people I do not know who are working on projects.  30 minute meetings where about half of the time is spent getting to know each other - creating more depth on what she learns.",No,"In general, we do a poor job of making sure we have heard from everyone.  If there are 10 people in a meeting, we hear from the same 4 people - maybe because they are the loudest, have the expertise, etc.  But, we don't stop to ask others for input from everyone.  We also do not make effort to ask for diverse opinions.  Has heard from a person leaving - I don't feel listened to, get talked over, etc.  Let her know that there is work to be done.","Anything about the business, yes.",Great and healthy debates about business initiatives.  Has not seen the same with organizational culture issues.,Is this a box-ticking exercise or is there a true commitment to this?  I think there's a true commitment from the senior leaders but not the layer below where the real change happens.
2020/09/18 12:47:53 PM AST,I,James Langley,"James Langley - Leads Transportation Sector (Mobility (heavy duty trunks); Ops Execution; Maps (routing and mileage)) - Multinational Team (NA, Europe, Brazil, India, NZ/AU)",9/18/2020,"The most important thing is if people don't feel safe, that they have a part in this, they won't be successful if they don't feel like they belong.  And, Trimble will never achieve what it needs to.  It's been empirically proven that companies that are better at DEI achieve better results and it just makes sense.",My job to make everyone to feel included and comfortable that they matter and they're valued.  Raised very much on the belief that everyone is created differently and we should be judging people on their character.  I fundamentally believe that at my core. if I am not creating that atmosphere people will feel bad and not included - we cannot achieve our goals.,4,"I am pretty comfortable being transparent, but I understand that sometimes I am not the best person in the room as a middle-aged white male addressing certain issues.  Never have a problem with honesty and transparent - but feels that sometimes other with different sets of experiences.  Topics-wise - much more comfortable talking about everyone is equal.","When people are speaking about personal experiences, that's more difficult.  Like, ""hey, as an African American, etc."" it is harder to relate to.  I understand that I need to make them comfortable but not always comfortable with how. [Observation: Need to help leaders find their voice.]",3,"I have under riding beliefs about equality so I always apply same moral concept.  But, I try to stay up on what's changing in the area.  Mostly, I read about topics online.  Trimble is also pretty good about sending stuff for us to read - I didn't initiate that though.","Everything is a balance - if you just look at how I am measured as a leader, I get measured on more than just money initiatives.  It is important to put the most qualified person on the job.  But, we have to have more diversity in backgrounds, thought, experience, etc - so you have to have metrics and a program in place for that.  We have to look within, but we often don't do it early enough.  We have to look at who we are bringing in. ","Overall, our team is pretty inclusive and collaborative by nature.  I don't know how well trained we are on the right language - in this ""cancel culture"" it is easy to screw up.  There is an opportunity for more learning on the best way to approach - especially for middle management since they are the ones dealing with the day to day matters.  I believe in each one reach one - connect with authenticity.  Better than big trainings where people are multi-tasking, etc and we are losing that connection.","I committed to put in a policy that we have a certain number of diverse candidates apply for open positions.  Not enough to just take the applicants that apply the job - seek out diverse candidates.  Push it on the front end so we don't use the excuse ""well, they didn't apply."" 

Also, being more personally engaged and visible with my team for people to know that every level of the organization is taking this seriously.  If I don't spend any time doing this in the public eye, how will people know it's important?",I'd like to say yes but I think it would be naive.,"I think it's Trimble's intent, but in practice there are areas to improve.",I think it's important for two reasons - 1.  I don't know what better example you can set for an organization but to show that underrepresented groups have access to senior leaders for growth/help.  2. You are putting your money where your mouth is.,"I am a dry, boring, analytical guy.  I am personally working on getting out of my normal sphere of influence.  It is convenient for me to rely on my normal meetings with direct reports, leadership team, etc.  I have asked HR to help me set up small group meetings so that I can meet with people that I wouldn't normally meet.  I have got to work on this personally.",,Didn't ask.,We are set up to enforce that ideal.,"I think there is great intent, but I would be naÃ¯ve to think that everyone feels that way.","When we put these standards in place, that we are looking at all underrepresented people and, for the most part, go across challenges.  Worried that people will become very invested in one group.  But, we are multinational.  We need to get to a place where aren't judging off of labels."
2020/09/12 3:10:01 PM AST,J,Jamie Nielsen,Jamie Nielsen,9/9/2020,"Taking a broad view on DEI and what that means to people - holistic approach. Not just a point in time- Trimble understands that it makes business better. Commitment from the top - the openness is really refreshing.
","It is important for [my team] to be change we want to see.  Emulating behaviors
we want to see and holding people accountable.  We also need to own the execute the execution pieces that relate to team.
",4,Not uncomfortable with any topic.,I am aware of how I show up as a white [person] so I would like to get better about discussions around race - would like to be more natural with how words land.,5,"Read different materials, watch movies and utilize social networks to better understand issues/seeking feedback on sensitive topics.","In order to determine best candidate, you need a diverse candidate pool -
sometimes we are not willing to do the hard work to get that pool. We have to be willing to see that the right person sets job based on many factors.  Important not to pigeonhole yourself based on what you think you need.  We have to challenge our thinking because all things are not created equally.
","Feels that prior team had several thought leaders. As examples, the teams implemented a heritage calendar 2 yrs ago, intentionally bringing in diverse talent pools, consult diverse employees to get input on DEI initiatives.

On the newer team, ""dots aren't connected"" - need more on thought leadership. Seems that the good intention is there but there is a lack of knowledge on what to do with the intentions.  There also seems to be an accountability issue - people not feeling it's their job.
",1. Set expectations with my team that this is needed - not a nice to have.  I will mentor my team on journey so they are encouraged to be accountable and responsible for growing pipeline. I will also create space for proactive recruiting - work toward establishing long - lasting relationships with top talent.,No,There are pockets of the organization where there is a lack a process to make sure bias is avoided.  Is there an appetite for it to change? Yes. ,"Feels that Trimble needs to create spaces for people to meet leaders 
to whom they wouldn't otherwise be exposed to develop informal mentoring relationships. High potential mentoring is important, but DEI is about creating spaces - being intentional.
","Ask about someone's journey- how did you get here. Find parts of
the story to learn more about through active listening.

Ask people if they're willing to use their lived experience to help the organization be better or on issues that arise on which leaders lack expertise (ie, transgender
issues) - asking for help from people who've experienced things you haven't. 
","For Rob, 110% yes.  In some instances, other leaders seek an echo chamber.",Very leader specific.  I encourage leaders to seek out people's opinions when they don't speak up because not everyone is comfortable speaking in groups.,"Absolutely, but I am not the norm.","People - women especially - don't feel comfortable speaking up.  Feels industry specific.  We haven't done a good job educating leaders about impact of their behavior.  Our culture is also siloed.
","1. Creating a space for everyone to be themselves - we can do it, but how
to do we drive change.

2. How do we make up for lost time?

3. Helping employees along in their DEI journey even when they're not ready.  making charges that need to be made without leaving people behind (knowing you can't know 13,000 people's stories).
"
2020/09/18 3:42:57 PM AST,K,Jim Chambers,Jim Chambers - run the global agriculture business; made up of hardware and software - hardware = steering and guidance equipment; software - project management/workflow for farmers in the field,9/18/2020,I acknowledge the awareness and openness to address it.  The fact that we are taking it on is not something that would have happened at prior companies he worked in.,"My first role is to create a culture in my department that makes this a priority.  Making hiring in diversity happen.  And, driving an inclusive culture.  It has to start with me.",4,"Personally, very important topic to me.  Very comfortable engaging on diversity topics.",I am not used to thinking about inclusion.  I don't know that I know as much as I would like to about how to be inclusive.,5,Reading - whether book or studying/following posts online.  Something more recent.  I recognized that I was not as informed as I need to be.,"Something I think a lot about.  A challenge in (agriculture) bc it is such a white male dominated industry at the management level.  So, the easy path is to find a very qualified white male.  But, knowing that I need to increase the diversity is a real challenge.  [OBSERVATION: How do they get people interested at lower levels OR build diverse people at lower levels into leadership roles?]  Does not see them as separate topics - meaning DEI & meritocracy go together - facing a shortage of diverse candidates. (NEN: Why is there this issue?) Agriculture has been white male dominated over time.  My wife has an agriculture degree and when we came out of college, she was looked down upon/discriminated against and I wasn't.  Especially on the equipment side.","I certainly have a diverse team in terms of culture (not as much on gender and race).  But, my team is multinational so diversity of thought is good and we challenge each other.  We do have conscious conversations around brining in more women/different races.  Inclusion is more challenging. I think we have an inclusive environment, but it is an ""I think"" - I am not really sure how to measure.  Not sure that we know what it means.  Like, what's inclusive language?",Engaging at universities; working with a group called women in agriculture.  Both to help build at the lower levels.  Also looking for talent within the company in other areas of the world.  COVID has shown us what can happen with technology - it opens up the possibilities with diverse candidates particularly if people can work for different areas.,Yes,"Certainly under Rob Painter's leadership.  (He's newer).  He's heard that it was harsher under previous CEO.  But, today absolutely.",Huge - very important.  I think mentorship is important for everyone coming through an organization.  I have been an active mentor through most of my career.  Sponsorship is important for people who aren't fairly represented or even known about.  A leader stepping up to sponsor someone can make all the difference in the world.,"Listen.  Ask questions, and listen.  Has had the opportunity to work with an executive coach - learned about being present and open.  When I started traveling outside of the US, I took that coaching in - I learned to not impose US culture elsewhere - rather, shut up and listen.",I think so.,"From what I have seen, yes - seems very important to Rob.  But, I am newer so my view might be myopic.",I think so.,May depend on the business you are in.  I know that's leadership's desire but I have heard stories that suggests it's not that way everywhere.,"1. You don't know what you don't know.  Understand and training.  I have been trained on diversity in other companies, but not inclusion.  

2. Being able to find diverse candidates in the more senior positions.

3. Overcoming the fear that some people have with talking about DEI issues bc they don't want to say the wrong thing.  What's the right language to use?  [Observation: need a way for both sides of the conversation to become more comfortable with ""mistakes"" on DEI topics.]"
2020/09/15 2:45:53 PM AST,L,Jim Kirkland,"Jim Kirkland - General Counsel, 8 direct reports (4 lawyers who support significant area of the business, paralegals, and others))",9/15/2020,"I think it is great.  Spent a long time in managing firm, hiring summer associates.  Felt like he did a great job of hiring students of color.  Did so by going to Howard which is not always on the shortlist of schools.   Took on Human Rights Campaign as a pro bono client so involved in some of the early litigation around LGBTQ issues.  So, having been part of initiatives elsewhere - happy to see it take shape at Trimble.","It is difficult for (legal) to have a direct impact on recruiting bc people have been there a long time or acquired via acquisitions.  When we do have openings, trying to get diverse candidates in the process.  Since that is very limited, it is more of being an advocate for DEI and participating.",5,"Race, gender, LGBTQ are the ones I have the most involvement and ongoing interest in.  Mental health issues.",Neurodiversity is something I do not know a lot about.,5,I read a lot.  I have been involved in a non-profit board focused on digital equity for underserved communities so spent time researching that.,"Feels that the inclusify author nailed it - you want to make sure that people have a basic level of skill.  It is not a matter who have the best grades or went to the best college, it's about skills and that is evenly distributed throughout talent pools.  

One challenge we have, we are not the high flash type of company and people with choices will go to Google, Facebook, etc.  Other challenge is that some position requires a lot of experience so the ability to attract people to their company.  ","We haven't had a lot of specific efforts - some discussions lately, which people seem to find valuable.  Wants to see teams incorporated into and supportive of efforts within the teams that his group supports.  But within the group itself, nothing particularly organized.",The way we normally hire is using an internal recruiter - so making sure to give recruiter the specifications and make sure it flows through the interview process.,"Yes, but...","Does not have a good handle on it for Trimble as a whole, but has never seen people talking in a way that exhibits bias or implicit bias.  Feels it was not within the comfort zone of prior CEO and have an opportunity with Rob.",Really important.  He is taking the initiative to begin to mentor diverse candidates to be his successor.  Goal is for the person to be a woman or person of color.,I do not actively try to do that.  I am very willing to support and get to know people.  My position is not always a natural fit for that.,,Did not ask.,See below.,"Two realms - can you speak up about business? In that realm, not a hierarchical organization.  More dynamic and open to that type of discussion.  If it comes to more politically charged topics, haven't heard much about that.  I think that is the whole point of this - making sure there's more space for that and nurtured by the company.","1.  We are going through significant culture change - business units were very decentralized in the old regime.  Now, corporate layer is expanding.  With any corporate level decision like that, how do you translate the initiatives into the businesses that were/are highly autonomous.  Going to require leadership from the heads of businesses.  Can't just be a ""corporate thing.""  Risk that we are creating expectations at the corporate level the do not flow down to the rest of the business.

2.  We have groups that are very interested in the topics, which gets very intense. How do you manage it when you go out into the rest of the company?  How do you use, channel and harness conversations? (So, far very impressed with the path being taken here).  Not trying to get people to feel bad about themselves - trying to get people to be more self aware.

3. How do we manage tough situations that may arise (ie, people who have negative views on the efforts)? Not being defensive."
2020/09/15 1:39:22 PM AST,M,Leah Lambertson,"Leah Lambertson - Ops, RE, Chief Sustainability Officer, IT Ops",9/15/2020,It's on the radar screen for some time now and I feel that we are finally going from conversation to action.  Rob also asked for feedback - I feel that we need to be more transparent about numbers. I feel we cannot act on what we don't know- so I value that we are being more transparent there.,"As a leader, I have to not only have to be an internal advocate and build an inclusive environment - biggest challenge, I need to figure out how to diversify the pipeline.  We do a new college hires and rotational programs, I can help find universities to diversify the pipeline.",3,Gender & Race,"Sexual Orientation & Gender Identification more difficult - largely because a lot of employees are not comfortable talking about it.  And, there are some geographies outside of the US where race and gender are uncomfortable to talk about because it is not accepted.",4,"Recently, yes (rates as 4) - historically, no (rates at 2).  Now, attending seminars, videos - more independent research.   Some is an outgrowth of recent social justice movement in the US.  And, some is the company is moving forward and I want to find a good way to learn more for myself.",I am a believer that you go with a plan that says that I have a minimum set of requirements for job.  You may not always take who would appear to be the most qualified but some people may be the most successful person for the job may have overcome the most obstacles.  I don't think you can have a pure meritocracy to meet DEI requirements.,I don't know how to answer that question.  A large part of my team has been together for 5 or more years - so not really part of the conversation.  We do try to reach out to a broad and diverse group of employees/stakeholders in large business decisions.,"Expanding scope of schools that we work with to find more diverse candidates for our rotational program.  They will also bring a pipeline with them.  One of the schools we go to has great candidates, but they are not very diverse so it's really about finding places where diverse candidates are.","Yes, but I would qualify it based on the organization and more specifically the manager.",I do not think that managers are discouraging diversity.  I think there are some managers that are better to grow underneath.  There are a lot of behind the scenes promotions and having a manager that is aware of those innerworkings will be an advantage for people working under that manager.,"Provides a safe, supportive space to talk about what you should do next and how do I do that.  Especially for groups who would not necessarily do that in a traditional way (ie, those who are in the leadership team are all white -whatever made that happen won't happen for everyone).  Helps to provide visibility.",Walking the floor - mostly an informal type of conversation.  Not working so well during the pandemic.  I have not been able to find an alternative.,"Sometimes, but not always.","Senior levels are not as diverse as we would like and some decisions have to be made at that level so we don't reach out to get diverse teams.  Less confidential decisions, we are good at it.",Mostly yes.,There are always certain managers who it's ok one on one but not publicly.  Personality thing.,"We won't get to action fast enough or we may not be that successful in the beginning because we are still learning so we lose momentum.  So, how do we have progress to keep momentum.

If we aren't successful in substantially changing the pipeline, we won't start to see the change for the future.

In certain geographies (including in the US), we have people who are actively resistant - managing that and being inclusive to that dynamic - how do you manage that without a negative undercurrent."
2020/09/16 1:56:34 PM AST,N,Manolis Kotzabaskis,"Manolis Kotzabaskis- Came two years ago through acquisition of a company of Viewpoint (was CEO of Viewpoint - was managing just that business, now managing three more) - providing accounting software systems to construction companies; real estate; project management software for construction projects) Multinational team.",9/16/2020,"The most important thing is that we have clear runways for everybody to reach their goals irrespective of where they come from, protected characteristics.  Everybody can take off and reach different heights.  I value that we are systematically elevating our focus on DEI and finding way to measure it bc talk is cheap.  Now, we are taking a more wholistic approach.","I need to make sure that we have the measurements, metrics and reporting - looking ourselves in the mirror.  What does my team even look like diversity-wise?  Create a vision for what it can look like and work toward that vision.",5,"Making sure that we eliminate any of the factors that are not important in terms of judging an individual's potential, growth and personal assessment.  ",None.,4,"Uses many of his personal experiences - very poor upbringing, first to go college, life was never easy.  Discrimination exists across many different areas.  Lived in places where foreigners were frowned upon/treated poorly.  Prior company was also much more diverse from which he was able to learn from.  Need to learn more, but have also learned the hard way.",There is a significant overlap.  There is also an opportunity to do better. Recognizing that not everyone starts at the same place and have to make efforts to close the gaps that make it harder for some people to succeed over others.  Removing some of the constraints that some people have to help them be successful.,"He uses his background to include people, but knows that there is unconscious bias that exists on his team.  We don't have extreme problems of people misbehaving, I see signs of unconscious bias.  Rates the DEI best practices as a 3/5.   We are taking steps to root it out when it's apparent. 

Also, have a DEI topic discussed (with speakers at times) once per month in staff meetings.","Have dedicated one employee to work only on DEI.  Have joined some organizations in that regard (i.e., women working in construction).  We are collecting employee demographic data for his group and during the recruitment process pushing to be sure there's a good representation of different demographics. Understanding that if all things are equal, tie goes to diverse candidate.  Lives in a very white state so hiring more people of color has been challenging.","The intention is there, but we can improve.","Trimble has one of the best cultures of a company that I have come across.  But, during recent offsite, all white and on the D&I conversation, one woman.  Feels the environment is welcoming, but are we doing enough? That is where I am struggling.  And, I don't think we are - I don't think we are getting out of our own way.",There is a huge opportunity to establish a more formal mentoring and sponsorship of employees who are underrepresented/struggling.  Being transparent about own experiences and views on DEI so people feel more comfortable reaching out for help.,"Even during the pandemic, we have the coffee club where we have random meetings with different employees to see what is going on.  In person, random lunches and meetings.  I wouldn't say that I am doing enough.  I have never sat down with underrepresented groups to hear their challenges.",,Did not ask.,Trimble is too big to make a general statement. ,"Based on experiences that I have heard, Trimble is a very open/welcoming environment.  In some aspects of the business, though, it is a hard no because there can be shame about raising a contrary view (not necessarily because of a company practice/policy).  There is still some hesitation. Going back to mentorship, sponsorship and conversations with specific groups will help this.","1.  Women at work.  (Increasing the numbers).

2. Different ethnicities and color at work.  (Increasing the numbers)."
2020/09/14 1:43:17 PM AST,O,Mark Schwartz,"Mark Schwartz - Civil Construction Software Business, multinational - Norway, Sweden, UK, India, NZ & US",9/14/2020,"It's the next level.  I have been a big proponent of diversity.  I have learned about the gaps re: gender diversity in senior ranks.  I feel I can do better on race and ethnic diversity. 

A non-native English speaker - it's great that we are starting to get gender diversity in L team, but 55% of our team is non-native English speakers and not really represented at the higher level.  

In sum, this is seemingly starting to come to the forefront, which is exciting because diversity makes us stronger in every single way - we are a global company.","Have to involved, available and an advocate.  Help clear obstacles for people who are trying to make positive change.  Mentor when needed.  Trying to drive change by recruiting better to stack the decks with more diversity so that there's a pipeline for all levels down the road.",5,Never been hit with a topic that I am not comfortable talking about.  I don't know that I've been pushed to that level.,"I do not half of everything that needs to be known, but not really uncomfortable with any topic. Not without a deeper touch because of his own heritage - hits home for him.",3,"Better on gender diversity than racial diversity.  Started when he had a daughter - was determined for her to have a better environment to enter.  More vested interested - reading, meetings, spend time with woman who wrote Inclusify, listen to experiences of others.","Always a tough one, but I believe we are doubly-challenged by the industries we serve.  Tend to hire from the industries/clients served, which are underrepresented from a diversity standpoint.  So, if you are writing a job description that requires 10 years of experience and 90% of pool is white, you are going to get a white candidate.  The tie goes to diversity but you always hire the best person.  Cannot sacrifice the outcome of the company.  But, I don't think we do enough to find a diverse applicant pool - we have to do more to overcome the fact that we serve underrepresented sectors.  If we keep doing the same thing - generally recruiting - we are not going to see change.  We have to change the equation.  Waiting for industries to morph is not ok.","Probably average and could be better.  Tends to surround himself with east coasters who are more direct.  Probably an area he has not thought about - do not think that they actively do anything to be more inclusive.  But, do believe in transparency and accountability, which pushes people to be up front about what they are going to do and mean it.",Push to interview every single applicant.  Starting to run job descriptions through software that HR is using to be sure JDs are not biased.  Try to open up direct recruiting at diverse colleges to help drive an ultra-diverse candidate pool.  ,Yes,"Never once witnessed discrimination in the company.  Where I think it falls down is that without a diverse employee base, won't have diverse managers, without diverse managers, you won't have diverse executives.  Right now there can be a perception that the women - for example - that are at the top only got there bc they are a woman.  That bothers him bc he feels they earned it and if they second guess shows we have a problem.  (Observation - spoke in somewhat biased terms about women not tending to raise their hands for a stretch role).","Critical. The strongest advocate of change is the middle-aged white male.  When women or minority self-advocates, it may not get to the result that are needed bc viewed negatively.  When he learned that it pushed him to mentor more women (not as much with minorities).","Travels a lot for work and tends to connect with people over food.  Helps him to learn about others.  Loves to learn about different cultures and connect on that level.  Starting with food, family and sometimes religion, creates a common bond that allows him the opportunity to learn about other cultures. ",Maybe.,"In some places, yes.  But, in less diverse locations probably not.  Room for improvement.",Yes,"I say that knowing that everyone not feeling that way.  Feels it's about educating people that it is ok to speak up.  Feels they've always tried to create an inclusive culture but can definitely see people (culture, time zones - can create barriers).  Example, Indian counterparts - shake head yes when in their head they feel no.  Same with China.  If you don't grow up in a culture where speaking up is pushed, they won't and we have to have a pull mechanism to help.  [Observations: some bias here...]","Ethnic and racial diversity at the highest levels - do not have in any way shape or form on Rob's team.  And, not sure who you could pull from to fix it - we don't have an internal pipeline.  So, without going outside, not sure how we fix in short order."
2020/09/15 11:33:44 AM AST,P,Michael Kornhauser,"Michael Kornhauser - Trimble Maps, 450 people - across the US, Europe, software business - create navigation software for fleet cars",9/15/2020,I value the effort overall.  The overarching effort is the first step.  [Hesitation].  The attention that Rob is giving it as a CEO is what I value the most.  It motivates me.  ,"It is a pretty important one.  I feel like I have the ability to make a difference.  I have an obligation, motivation and am excited about that.  Fundamentally, I control all hiring which can impact diversity and I have to set the culture of the group, which impacts inclusion.  We have been working on somethings like hiring and internal awareness. ",4,"[Hesitated].  Now better than I was a few years ago - a few years ago I was not as comfortable.  Doing it has helped - meaning, having the conversations have made it easier.  I am comfortable with most topics.",Sexual orientation - a little more interpersonal so I am the least comfortable with this topic. ,4,Talk to people - both internally and have some stuff from PWC on gender issues at an offsite.  Reading on the web and stuff like that.,"Interesting question because I think first of all more diverse team is a better performing team.  Someone who brings diversity to the team is valuable.  I think that does work in a candidate's favor.  From the performance perspective, I expect the same performance from people irrespective of race, gender, etc.  I do not think that they are linked - when you are hiring for the job, you need to find someone who's qualified for the job.  At the same time, when you are looking at candidates and all things being equal, a diverse candidate has a benefit/advantage.",I would not say that we have any policy in place that dictates that.  I think the culture we have in place does dictate that - a very transparent and open culture.  ,"We actively look for diverse candidates - a few months ago we decided that we wanted to make our next five hires diverse candidates.  [Asked about why 5, but no method to choosing 5].  An OKR to increase female and ethnically diverse population by X%.  Something that group did on its own.",Yes,Because I see that.  I have experienced that. [Me: what would you say to women and minorities who do not see themselves in positions like yours.  Him: I don't know that I would have an answer for that.  I do not think I can answer that.],"I think they are good ideas.  I haven't done it personally.  [He struggled with understanding questions/concepts].  I see the value and do that but not specifically for underrepresented groups, which is something I could work on.",I don't necessarily look for people who have a different background than me. I try to get to know people but I do not actively seek out in one way or another.,Yes,"Generally, more around diverse parts of the business - getting view points from people in different parts of the business.  But, yes, it happens.",Yes,"Again, because I have experienced it. [Tried to explore further, but not much more to offer].","[Very uncomfortable throughout and with answering this question]. 

My biggest concern is the fundamental gap that there is - and closing the gap both from a gender and equality side.  As a white male, I certainly can't fully understand the other perspective but I want to feel like I can do something about it."
2020/09/18 4:39:12 PM AST,Q,Michael Lesyna,Michael Lesyna - Strategy & Corporate Development - work with each franchise/sector on their strategy to make sure they are stretching; M&A team reports to him.  Also has Trimble delivers - internal consulting/process improvement.,9/18/2020,Creating a significantly higher awareness and putting it on the agenda.  I really think putting it on the L-team agenda on a regular basis is the single biggest.  The fact that Rob and Board care is a good start.,"One, lead by example.  I don't hire a lot so it's hard to set that type of example.  But, other ways include mentoring.  I do so on an informal basis but happy to do so on a formal level.  I have raised my hand to be an executive sponsor for ERNs.  We have to be seen as visible supporters.  And, support any policies and goals that are set.",5,I tend to bring it all together.,"Some topics I am not proficient in, but I am not uncomfortable talking.  I would listen and be an active learner.  If I had to pick one, inclusion part would be the toughest for me.  I know that I have always included so do not always know how to deal with people who haven't been.",3,3+ - certainly working to do more.  I read books and articles.  Pay attention to what's going on in the news.  Starting to have conversations with friends with whom I have not talked about these issues before.,"Just read the inclusify chapter on meritocracy.  I have seen myself fall into the traps sometimes.  But, I get that people start from difference spaces.  I take the baseline for granted.  Opened my eyes up to the fact that the ""safe candidate"" - you have to think harder and go deeper.  You want the best person for the job, but how you define best is the issue.","On one dimension, yes.  We are a collection of fairly senior people who have been in a lot businesses.  So, diversity of thought is something we bring into play.  But, I have change agents who would likely be very wiling to focus more on - DEI is not a conscious focus here. ","Does not hire often.  Completely open and supportive of company's efforts to increase pool and wants to help where needed.  Also, will have to push for a diverse candidate set the next time (has not done so in the past).","I want to say yes, but (see below)","I haven't seen or been aware of people who haven't had the opportunities.  But, I don't have a lot of concrete evidence to say we do for sure.","I think we can do a lot more.  Positive and necessary thing.  Until we get to a state where we naturally reflect the diversity in places we do business - we have to provide encouragement, support, development to underrepresented groups.  ","I have an extremely open door approach.  He encourages people with whom he works with that he's a ""safe"" person to talk to.  Are people aware of that and know how to access that, is a different question.  But, feels that being open helps him learn about other people.  He does tend to shy away from asking personal questions - feels work is work and personal is personal.   So, I am not as proactive about getting to know someone. ",Depends.,Depends on how inclusive the decisionmaker is.  Do they want to get unique perspectives?,I think so.,Better than average (compared to other places he's worked).  Feels the prior CEO encouraged that.  His team regularly talks about the importance of that.  You need those voices to speak up.,"1. That we get all excited, talk about it, but don't get results bc we don't find the actionable measures to do things differently.

2. A lot of companies have tried this and not made any progress.  A lot of well-intentioned companies have been down this road.

3. Hasn't seen a lot of change in certain candidate pools for engineers (for example) so how do we start encouraging at an even younger age for people to take part in the disciplines from which we pull."
2020/09/15 12:59:24 PM AST,R,Mike Bank,"Mike Bank - roughly SVP - software and hardware development - 800 people worldwide in all aspects of business - design, mfg though sales and market",9/15/2020,The pace of engagement - the speed at which we are attacking it and using the Trimble way of learning along the way.  The resource networks that are already starting to form - just how quickly we were able to do that.,It needs to be obvious that I support the actions.  Support being of our group embracing what we are doing and generally what Trimble is doing.  I can't say it's someone else's job to do that - it means I have to change - not just about everyone else.,5,The aspect of that it's time for us to change.  I am getting more comfortable with not allowing comments to be made that are negative to any group for any reason  - starting to call people out.  ,"Not an expert on all topics, but inquisitive about them.  I also travel extensively around the world and always in a different culture/environment.  Have to be comfortable with all types of situations.  ",2,"Other than those that are brought to me, I don't seek out to read about issues.","I think it is how you describe the job is how you figure out who the most qualified is for the job.  If you have a requirement that you have to graduate from college or a certain school over experience, you end up excluding a large population.  Recognizes biases exist (he described a situation where a colleague thought that a woman might have an issue with a job with significant traveling if she takes care of her kids).","Our biggest problem is that we aren't diverse (on the things that are obvious - race, gender, etc.).  But, what we do well is cross-functional diversity so decisions are not made in a vacuum.  We do ok on level and experience, too. We do not look for or seek out other types of diverse opinions.  ","That is one of the things that we are really looking at with HRBPs.  We have to figure out how to find more diverse candidates to increase the pool.  The perceived problem is that civil engineers and construction has been largely male dominated industry.  How do we take people who do not technically meet the criteria but who could do the job and bring them into an office.  Like, besides doing the job, we want you to take some classes to get more knowledge about the area and get the rest of the skills needed for the job.  We are looking at what's been caused by the pandemic (i.e., unemployment) who might be able to re-skill.  Could we set up a training program? Publicize it - how do we reach people? How do we grow the number of people who have the skills we need to help move an industry?",To a point.,"I think there is a point where there is a line - like who you knew or some bias in it.  I think it is being broken down these days (example, changes on the board).  Rob is starting to make changes at the senior leadership level so definitely undergoing change.","We should be doing it for all of our employees.  The fact that we don't is bad.  I don't have a strong sense of whether I will single ""these people"" out - ""these people"" being the smartest, gender, etc.  When I look at the high performers who come through our rotational programs, I know that I would not have made the cut.  So, how do we identify who are the best leaders? How do you fit in - not give up who you are, but having who you are work at a leadership level?  Layering the answers to these questions with the DEI piece will be important to finding an ideal way to develop next generation leaders.","An area I am working on.  People are more outward with differences about their identities now than before.  As people are more comfortable with sharing about their identities and we make more of a space for people to feel comfortable answering..  Coming from a place where you don't ask those questions  - working toward having more of those conversations.  Now, working to share some of himself with peers and breaking it open from there. But, we (senior leaders) have a limited diverse group so not always easy.  Starting to ask others - how are things here? Are you comfortable?",,Did not ask.,Yes,"I feel that people can definitely come and share their opinion - even say that they aren't being heard.  But, at some point a decision has to be made so people may not be happy with the result.  It is important that you make sure to acknowledge that an opinion before jumping into a decision - that's where there can be concerns about being heard.  We could use some coaching to make sure that we are listening.","That we are driving toward a numerical answer where the work becomes discouraging because we are more focused on numbers than the process and true intent.  Worried about making decisions that are poor for the business. So, being conscious about setting achievable goals.  

Important to keep company informed about how we are doing this so we don't create a perception that we are checking the box."
2020/09/11 3:29:55 PM AST,S,Rob Painter,Rob Painter,9/9/2020,"Inspiration. Feels that Trimble is finding a language for the conversation; sense of inertia/movement.  The Company is seeing things more clearly and awareness.
","Feels a fundamental responsibility because there has to be a tone from the top. Extremely personal because the efforts are externally and internally visible.  So there is an awareness of the audience. Feels responsible for owning progress on efforts.  

As a leader, wired to help set vision, but is being cautious to be sure things are well delegated since some DEI issues are not his direct lived experience. Wants to be at the white board strategizing and feels he has complementary experience to do so given his various leadership roles over the years. 

Ultimately, he wants to bring his an authentic voice to the conversation.  He is not interested in saying something he doesn't mean.
",4,Growing into a 4.  Feels most comfortable with gender and sexuality issues (rates as 4.5).,"Race (3), religion (1) and ability (3).",5,"Uses a a personal coach, talks to family and friends with differing backgrounds, has an extensive list of external materials (podcasts, articles/books, an film/tv).","He believes there is a gap in support mechanisms so, if companies are not careful, using the term ""meritocracy"" can promote the notion that the company will continue to get the same type of talent it already has.  It is important to think about talent more broadly to identify candidates with potential as some people are born on third base while others are born at batting practice. 

So, meritocracy can fall down if focusing on GPA or test scores, alone.  It is important to widen the aperture on talent pools to increase diversity.  And, ask how do we help people get through the pipeline?
","He rates it low - feels the team needs the appropriate language, skills and tools around these best practices. That said, the team wants to do better, but it needs collective coaching. It is about moving intention to action.
","At the organization level Trimble level, it is important to widen the aperture.  Talent acquisition team needs to bring leaders the tactics they should be using.  TA has to have the accountability, input and ownership on the process. TA also needs to determine the recruiting tactics that are currently missing to widen the aperture. ",Not a full yes.  Closer to yes than no.,"Every direct report and member of the Board is white.  He also believes in unconscious bias.  Does not believe there is an intentional bias, but does believe unconscious bias can affect decisions.  Believes the company does do well with geographic diversity (team represents several different countries).
","Believes that mentorship is more passive and sponsorship is more active.  Sponsorship has not happened much yet, but he believes it is an important part of advocacy on the DEI front.  He also not entirely clear how sponsors are chosen/identified. ","Skip-level meetings and social interactions.  Feels both strategies have pros an cons.  With the social outings, it is a great way to get to meet members of the team, but many of the outings tend to be with all white guys.  He understands that can create a bias in the long term toward people he ""likes.""

With skip-level meetings, he pays attention to the work presented in business reviews or other presentations and asks who was involved in creating to work/who should get to know.  The upside is going beyond the leaders he regularly hears from.  The downside is that those leaders can sometimes feel undermined if they are not somehow involved in the meetings. 

He also tries to use internet/social media videos to help people to know who he is. ",,,,,"1. Finding the language to bring people in to the DEI discussion - how do we make it inviting? (i.e., bring in white males, speak about privilege without it being polarizing, etc.).
2. Bridging intention to action and avoiding virtue signaling.
3. Getting to the strategy and having a plan that can be put out there. 
"
2020/09/16 11:53:28 AM AST,T,Ron Antevy,"Ron Antevy -  Engineer; Built a business and sold it to Trimble 3 years ago; Project Management for Construction (i.e., Brickell City Center used their software to build the facility); ~300 employees (sales & Mktg, support, product dev.)",9/16/2020,"I have a pretty diverse group of people who I work with, which I pride myself on so I am very excited about.  I have people on my team who are very passionate about DEI - for me to be able to go them and show them what we are doing and how important it is to the Company and Rob, is the thing I am most proud of and excited about.","I lead by example.  Need to make sure that I lead that way.  For example, if we say that we are going to have a different approach to hiring, I have to follow the process and make it visible.  If we are using different terminology, I need to use it.  I also have to find the champions on my team who can help to carry the message.",4,"No particular topic.  The only reason I would say I am not a 5, he realizes that there are limits to his experience that he may not be aware of.",None.,3,"Proactively have reached out to people within organization - try to understand and learn from others.  In my group, I do a weekly newsletter - from time to time, I do an editorial of things related to DEI in the country.  I speak with people afterward.  Don't do much more.",,"It can be somewhat philisophical.  At the end of the day, we have businesses to run.  We are getting ""graded"" on results.  We have to bring in the right people to get us there.  So, meritocracy is important to that.  As it relates to DEI, if we purely do the meritocracy thing, we can get stuck with the same people and not expand.  The way to balance - make DEI a factor in the meritocracy discussion.  You shouldn't be hiring people because they fit a box.  But, you have to have it in the loop. ","When we hire certain positions trying to push to make sure that diverse candidates are being interviewed.  Pushing to look hard enough for diverse candidates and then can choose the best candidate.   I think you have to have diversity at the top level for it start to trickle down.  So, I have worked to have diverse leaders on my team.  I want to provide more training to people down the line to start to educate the first line managers on the importance of interviewing diverse candidates.",Yes,"I feel really good about this company.  I think we are a humble group of people.  An open group of people. (NEN: What would you say to people who don't see themselves at the higher levels?) It's true but not for lack of desire and the opportunity is there.  In particular, Rob's passion makes him confident about opportunity for more.  I will say that it is pretty stark to being in leadership meetings and them being pretty homogeneous. I do think the opportunity is going to be there as we educate more.","Great and important.  Mentoring is something that is personally important for me - something we do throughout my team.  Sponsorship is about the advocacy and helping to push them along - that's something we need to do more of.  Mentorship is pretty natural for people.  But, there needs to be a method and process to sponsor - help move people up.  An active process.","Newsletter- brings people to him.  Pre-COVID, walked around the office and did a lot of happy hours where people were more comfortable.  ",Yes,"I think it's stepped up a bit.  Rob is a more inclusive leader - if he can bring 2 people or 5 people to a meeting, he brings 5.  And, I have not felt otherwise, but people also need to feel safe to bring that perspective.",Yes,"Every time I have seen someone do it, I've never seen any negative ramifications.  He has seen healthy debate many times.","1.  I would like for us to have a structure so that we can make a meaningful difference with a little bit of a roadmap that I can apply.  This way when I have employees who are passionate, I have a way to point them in the right direction for channeling that energy.

2.  There has to be some visible change with representation.  If we keep going to off-sites that are largely 60 white guys, it is going to be a problem. If you are from a diverse background and know that's happening, it can be discouraging and make everything we say about Trimble sound like BS.

3.  Making sure that we don't exclude anyone in this approach.  For example, if we decide to focus on women, then someone who is part of the LGBTQ community says ""they obviously don't care about me.""  So, having a way to make people not feel excluded when priorities are chosen."
2020/09/21 10:52:04 AM AST,U,Ron Bisio,"Ron Bisio - Surveying & Mapping Business (one of the first industries that Trimble entered) - Surveying not a very diverse industry but on the mapping side, more diverse in age and gender; also has utilities, rail and military; multinational team",9/21/2020,"The focus.  I like the fact that we have an overarching umbrella, but each looking at the specific needs of each part of the business.  My biggest focus in that regard is recruiting and I have been given the latitude for that.  ","Lead through two levers I have - college recruitment and graduate rotations. A combination of targeted recruiting plus the rotational programs.  Being sure that we are looking in places that we have not before while not alienating people who come from the schools we traditionally recruit at.  (He made a note that there are ""middle aged white guys who are struggling with some of these concepts).  So, I can lead by example.",4,Recruitment because it's action based.  His voice will be a documented plan with targets that is tracked.,I tend to be more on the left side of political things and struggle with conversations with some of my colleagues who are very conservative and who's views are diametrically opposed to mine.  There are some people on my team who I have stopped following on social media because they post stuff that I do not want to see.,3,"May be being a bit generous on 3 - this was something I wasn't actively thinking about until recently.  Reading articles online and looking for information about companies that look like us to see what they are facing/doing.  Very good relationships with women in the organization who I can very open relationships. (NEN: How did you build a safe space for these conversations?) I think I have built a reputation on taking a hard stance on sexual harassment - I have talked about the fact it's the quickest way to lose your job.  He's been told that puts him on a ""safe list.""","In order to get those 50 yo white guys on board here, we have to show that we are looking for the best candidates to represent the customers we serve around the world.  It's not that race, gender, etc. is going to get you ahead.  We have to show the organization that we are looking for the best candidates - that's how you are going to get people on board. It's defining what's ""most qualified"" and demonstrating that you will find the people in places we haven't traditionally looked in to find more diverse talent.","We have not had any up until recently.  We are now looking at ways that we can improve.  Credit to Rob, he does a great job here. ","Have focused on colleges that have strong geomatics programs, but I need to branch out to HBCUs and other ways to find students we may not otherwise reach - like those who are the first in their families to go to college.  We have established Trimble Technology labs with some colleges - in the future, I would like to be able to branch out with these labs in more diverse schools.","Yes, with a wavering of the voice.","It's very easy for me to say yes, of course, but we are mostly white males at the top.  I know that someone who looks like me can succeed but I am not sure that is the same for everyone else.","I think they are really important.  Helping people find others who have similar experiences to them is really important to grow.  Like, it's important that Cyndee and Patty have taken leadership roles so that women in my org know that they can get there.  I think mentorship has to be mixed, too.  For professional skills, I often encourage my team to find mentors outside of my organization to build views/skills.  [NEN: Observation, he's very focused on women's growth.]  On sponsorship, I have binders (Google slides) re: top 8 or 10 people and their growth and what is needed to continue to grow them.  I look to make sure that I have a good global mix and male/female mix.  We haven't had a pool re: race to build from here, which is why he's so focused on recruiting.","I am history lover so, I ask questions about people's stories/histories and geography to get to know people.  Comparing experiences of how my family got to the US with their stories on how their families got to different places.",,Did not ask.,"Yes, wavering again.","Very easy for me to say that at the level I am.  But, there are a handful of us who are very open to that.  Does not feel that those who are ""yes-people"" are the ones who move ahead.  ","1. We do not look like the world that we are living in today and the world that we will be living in (using the US as an example).

2. I do not yet know whether we are going to struggle to find candidates since we are so new to this.

3.  I have these two camps I have to balance (middle aged white guys who are feeling threatened) v. those interested in DEI."
2020/09/14 11:42:44 AM AST,V,Scott Crozier,"Scott Crozier - Construction Division (VP/GM) - majority of team in US(70-75%), people in other parts of the world",9/14/2020,"For me, it is one of these values of the companies that's more than business and profits.  It's a culture that is creating a better company - feels like we are doing it for the right reasons (not just profits), which is important for me.  We are doing it because it is the right thing to do and we care about people.  In the past, there was more focus on the work - not the people.  We are bringing in a bit of balance, which makes me feel more comfortable about openly caring about my team.","I think my role is to support initiatives, be a voice.  There are always going to be people on the team who may not be for it, it is a matter of managing those people and making sure that they understand why it is important - educating them.  They don't have to believe in it, but it is important for them to understand the why.  Allowing a culture for those who believe in it to speak up, which may not have been the case in the past.  And, changing the industry (clients) is not going to happen over the time - there's a resistance and over time people will see the value of it.  ",4,I feel more comfortable talking about DEI more general - on the multicultural.,"Not as easy to speak about specific topics (gender, race, etc.).",3,"I read articles if they come past my desk, but I do not actively seek out information.  Have recently set up a meeting with Richard Brown to better understand the black experience in the US.  (Has an understanding of issues in his home country - but knows that the US is different).","That is the polarity that you struggle with.  Ultimately, I want the best person.  But, really, I want the best team.  Once you know how to build a team, then it becomes relatively easy to find diverse talent - a star team instead of a team of stars.","We have a long way to go.  There is a culture on the team to being open to learn and push people to speak up. Where are are weak is we don't always seek diverse mindsets.  And, my team is not as diverse as it should be.  We pushed for experience, which created a skew on who we have [brought a narrow candidate field - the type of experience they wanted tended to bring an all white candidate pool].  We also weren't going out of our way to look for someone different.","Whenever there is a hiring opportunity, it is definitely going to be pushing for balance on the team.  Pushing recruiting team to look for diverse candidates - open up how and what we are looking for.  Do not only depend on resumes, certain GPAs, etc.  Being willing to go outside of current norms to interview people.  Leverage networking and contacts in the industry to get people to make recommendations.","I personally feel yes, maybe not for everyone.","I think no one is going to but it may be tougher for underrepresented people to build some of the relationships needed to grow.  If you want something in Trimble, you can go after it and there's a path for it, but I recognize it may be tougher for some.","(Hesitation).  Part of me thinks it does not happen on purpose, but I don't see an active push against it.  It's tough to answer.  He's had people who felt like they were passed over but sometimes it's a timing opportunity.  Struggles with the premise of the question - there could be many reasons for someone being ""overlooked."" Overlooked part could be unintentional. [Observation - fighting against the fact that bias can occur rather than focusing on the sponsoring/mentoring piece].  Feels the management team is open to creating mentoring relationships with everyone.  If someone wants to put themselves out there for that, it is up to that individual.  ","Harder in these digital times.  In the office, I always tried to get to know people I work with - no matter who they are.  Stop and have a chat to get to know them.  In the last six months, the opportunities to randomly meet people.  On a larger project team, I do seek out people that I have not met before. (Observation - increasing intentional connections in a digital world).  Every Friday, I used to have a 5-minute overview about someone on the team about things that weren't all work related using photos to describe.",We have to do better.,"We are not not doing it.  We are reaching out to a lot of people to get information, but the decisionmaking circle is pretty small - that's where we can do better.  I am trying to push some decision making down to my team.",No,"It does feel that it can be hard to swim upstream.  There are times he's been told to tow the line.   Sometimes it's fair because someone has to make a decision, but we could do better about bridging people's opportunity to raise different opinions and be heard.","1. Are appropriately represented on our teams?  Now, no.

2. If we over promote DEI in our industry, will that be a negative?  Obviously, we want to work with people who are open to DEI, but are we prepared to potentially lose customers?

3.  There are going to be people on our team that aren't into DEI, how do we manage that?  If there are people who are against diversity, is that diversity?"
2020/09/22 12:47:30 PM AST,W,Tom Fansler,Tom Fansler - Chief Technology & Data Officer - oversees horizontal capabilities; Trimble's cloud; data; background in statistics but with an MBA; multinational team,9/22/2020,"Interest stems from daughters - issues that they were having at school (i.e., not realistic to be so ambitious).  Astounded him and started interest.  In the past, dicussions around D&I led to some debate about what about the white males? If we focus on that, what about me? Now, I really love that Rob has said that this is a priority and is investing time/resources.  We have a long way to go re: data driven decisions, but I applaud efforts.  ","First, educate myself.  That has been important - reading, Inclusify, between the world and me - reading a lot of different perspectives has been eye opening.  Second, make it clear that DEI initiatives are essential to Trimble's long-term health and sustainable.  We owe it as leaders to be advocates and sponsors.",3,Gender.  I've seen the types of things that go on work environment and it's painful. LGBTQ issues.,Race is a tougher topic for me.  Not always cognizant of how it can feel to be one of only especially because he does not come from a particularly diverse upbringing.,5,"Besides reading, I watch different movies (Just Mercy, I Am Not Your Negro), etc.","Meritocracy is skewed concept in that saying that the most qualified person gets the job is a trap if you don't acknowledge the fact that it's based on certain subjective assessments and subject to bias/subconscious bias.  So, there's a filter of bias on the term  - we need to be more data driven on finding qualified people.","Because we are international, that helps because it requires in language, action and social norms, a way of finding the most friendly common denominators.  I think people are appreciated for what they bring and their unique contributions.  That said, I think there are areas that we need to do better - for example, within the engineering community in India v. US, there's a difference.  In US, I have a direct connection to product and business.  In India, it has been more - hey here are the requirements, code the requirements.  Not as much of a connection to the product/business.  Working on changing that bc it creates inequity - implemented an implemented board in India.  Moving product/business centers into Indian business. [OBSERVATION: How are foreign offices connecting to the product/business?]","(Mentioned earlier, removing names from applications/resume).  I think that I can add the data science approach for recruiting.  Test and validation process for recruiting process.  How do we validate what we are doing?",No,"I'd love to say yes, but I think the Indian example is a really good one.  There are significant limitations on career growth.  I think we can change that over time.  I think the concept of subconscious bias exists pretty strongly in Trimble.  I think the good intention is there, but I have been in interviews where I felt like the evaluations were not devoid of bias.  What filters into the conversations is comfort.  Unaware of any malice or bad intention on the topic.","Important - I love that we are bringing together ERGs and asking for executives to become involved as sponsors or at least participants.   One area that I am comfortable with is mentoring women.  I think we have material gaps with women, race and probable LGBTQs.  What's most disappointing is that we have greater attrition with women in early years and mentorship can help with that.",I love open ended questions.  I think that's the greatest gift in relationships.  Starts with getting to know my employees so that we can build ways to grow together.,Yes,"I have been in leadership team meetings or in sector meetings where there are competing and hotly debated views.  And, Rob is good about stepping to the side and letting people speak up.  I think different views are welcome and there's still social norming that causes people to want to fit in.  And, I think there are some voices that carry weight which can discourage contrary opinions.",Did not ask - see response to previous question.,Did not ask.,"1.  People management at Trimble.  Up until recently, we had very sub-par management skills.  Needing to look at HR as a strategic partner as opposed to a necessary evil (prior CEO's view).  I think we have a fairly weak HR department - particularly, around data (use of, understanding, etc).  

2.  I don't think we are a data driven culture.  Need to have strong HR and data-driven approaches to turn aspirations into accountability and action.

3.  Trimble has hysterically been a company that is a collection of businesses with autonomous business operations.  That results in 40 different versions of what DEI is - also makes HR & data-driven approach.  So fragmentation will be enemy of driving DEI initiatives."